Workbook

Sheet Readme
A1: Section | B1: Details
A2: What this workbook is | B2: A 100-day NEET PG 2026 rescue plan for a post-intern MBBS graduate starting almost from scratch.
A3: Primary source decision | B3: Use Marrow WoR + Marrow notes + Marrow QBank/GTs as the main engine. Use BTR from Revision 2 onward. Use DBMCI/Bhatia only for specific rescue topics.
A4: Why WoR works here | B4: The uploaded World of Revision index totals ~236h25m across 271 videos, which is feasible as a structured backbone inside 100 days when paired with notes, MCQs, PYQs and GTs.
A5: How to read Daywise_Plan | B5: Morning = spaced revision queue. Day blocks = main study / note consolidation / MCQs / PYQs. Planned_Hours sums to 14.0 via formula.
A6: Testing load | B6: This workbook uses 1 diagnostic mixed test, 9 full GTs, and 1 final 120Q half-simulation.
A7: Core retention rule | B7: Every major topic should be touched again at roughly D+1, D+3, D+7, D+14 and D+28. The morning block encodes this.
A8: Source notes | B8: Built from official recent NBEMS pattern information, recent exam analyses/recall trends, topper interviews, medical-education evidence on spacing/retrieval, and the uploaded World of Revision index.

Sheet Daywise_Plan
A1: Day | B1: Phase | C1: Primary Focus | D1: Resource | E1: 06:30-08:00 | F1: 08:00-08:15 | G1: 08:15-10:45 | H1: 10:45-11:00 | I1: 11:00-13:30 | J1: 13:30-14:15 | K1: 14:15-16:45 | L1: 16:45-17:00 | M1: 17:00-19:30 | N1: 19:30-20:15 | O1: 20:15-21:45 | P1: 21:45-22:00 | Q1: 22:00-23:00 | R1: GT/Test | S1: Deliverable | T1: Planned_Hours
A2: 1 | B2: Orientation + baseline | C2: Set up system + 100Q diagnostic mixed module | D2: Marrow custom module / PYQs + notes setup | E2: Set up notes, volatile notebook, GT error log, bookmarks, study dashboard. | F2: BREAK | G2: 100Q timed diagnostic mixed test (all 19 subjects, do not care about score). | H2: BREAK | I2: Review wrongs + guessed-rights; identify top 5 weak subjects and top 20 volatile topics. | J2: LUNCH | K2: Read plan, lock sources: Marrow primary; BTR later; DBMCI only for rescue topics. | L2: BREAK | M2: Watch orientation / first WoR intro clips + prepare annotated note markers. | N2: DINNER | O2: Make one-page rules sheet: how to read explanations, when to mark notes, when to skip. | P2: BREAK | Q2: Sleep reset, next-day prep, no doom-scrolling. | R2: Diagnostic 100Q | S2: System ready; baseline weaknesses identified; sources locked. | T2: =SUM(Block_Hours!$B$2:$B$8) -> 14
A3: 2 | B3: First pass (concept rescue + notes marking) | C3: Pathology FP-1 | D3: Marrow WoR + Marrow notes + Marrow QBank | E3: D+1: Diagnostic baseline + system setup | F3: BREAK | G3: Block A — Introduction to Pathology Revision; Haematology: WBC Disorders and Leukemias | H3: BREAK | I3: Block B — Haematology: Myeloid Disorders, Lymphomas and Miscellaneous; Haematology: RBC Disorders; Haematology: Haemostasis, Blood Banking and Practical Haematology | J3: LUNCH | K3: Same-day note consolidation for Pathology; mark volatile tables, images, algorithms, drugs, staging and differentiators. | L3: BREAK | M3: 45-70 same-topic MCQs from Pathology + read every explanation for wrongs and lucky guesses. | N3: DINNER | O3: 20-30 PYQs / image questions from the same subject + update volatile notebook / 20th notebook. | P3: BREAK | Q3: Active recall aloud: close notes and reconstruct 15-20 high-yield points from memory. | R3: No | S3: Pathology FP-1 done; notes annotated; wrongs tagged; volatile list updated. | T3: =SUM(Block_Hours!$B$2:$B$8) -> 14
A4: 3 | B4: First pass (concept rescue + notes marking) | C4: Pathology FP-2 | D4: Marrow WoR + Marrow notes + Marrow QBank | E4: D+1: Pathology FP-1 | F4: BREAK | G4: Block A — General Pathology: Cell Adaptations and Cell Injury; General Pathology: Inflammation | H4: BREAK | I4: Block B — General Pathology: Neoplasia and Immunity; General Pathology: Genetics | J4: LUNCH | K4: Same-day note consolidation for Pathology; mark volatile tables, images, algorithms, drugs, staging and differentiators. | L4: BREAK | M4: 45-70 same-topic MCQs from Pathology + read every explanation for wrongs and lucky guesses. | N4: DINNER | O4: 20-30 PYQs / image questions from the same subject + update volatile notebook / 20th notebook. | P4: BREAK | Q4: Active recall aloud: close notes and reconstruct 15-20 high-yield points from memory. | R4: No | S4: Pathology FP-2 done; notes annotated; wrongs tagged; volatile list updated. | T4: =SUM(Block_Hours!$B$2:$B$8) -> 14
A5: 4 | B5: First pass (concept rescue + notes marking) | C5: Pathology FP-3 | D5: Marrow WoR + Marrow notes + Marrow QBank | E5: D+1: Pathology FP-2 | D+3: Diagnostic baseline + system setup | F5: BREAK | G5: Block A — Systemic Pathology: Blood Vessels and Heart; Systemic Pathology: Respiratory System; Systemic Pathology: Gastrointestinal, Endocrine and Musculoskeletal System | H5: BREAK | I5: Block B — Systemic Pathology: Kidney and Liver; Systemic Pathology: Genital System and Breast; Systemic Pathology: CNS and Dermatopathology | J5: LUNCH | K5: Same-day note consolidation for Pathology; mark volatile tables, images, algorithms, drugs, staging and differentiators. | L5: BREAK | M5: 45-70 same-topic MCQs from Pathology + read every explanation for wrongs and lucky guesses. | N5: DINNER | O5: 20-30 PYQs / image questions from the same subject + update volatile notebook / 20th notebook. | P5: BREAK | Q5: Active recall aloud: close notes and reconstruct 15-20 high-yield points from memory. | R5: No | S5: Pathology FP-3 done; notes annotated; wrongs tagged; volatile list updated. | T5: =SUM(Block_Hours!$B$2:$B$8) -> 14
A6: 5 | B6: First pass (concept rescue + notes marking) | C6: Pharmacology FP-1 | D6: Marrow WoR + Marrow notes + Marrow QBank | E6: D+1: Pathology FP-3 | D+3: Pathology FP-1 | F6: BREAK | G6: Block A — Introduction to Pharmacology Revision; General Pharmacology: Part 1 | H6: BREAK | I6: Block B — General Pharmacology: Part 2; Drugs Acting on Autonomic Nervous System; Drugs Acting on Cardiovascular System | J6: LUNCH | K6: Same-day note consolidation for Pharmacology; mark volatile tables, images, algorithms, drugs, staging and differentiators. | L6: BREAK | M6: 45-70 same-topic MCQs from Pharmacology + read every explanation for wrongs and lucky guesses. | N6: DINNER | O6: 20-30 PYQs / image questions from the same subject + update volatile notebook / 20th notebook. | P6: BREAK | Q6: Active recall aloud: close notes and reconstruct 15-20 high-yield points from memory. | R6: No | S6: Pharmacology FP-1 done; notes annotated; wrongs tagged; volatile list updated. | T6: =SUM(Block_Hours!$B$2:$B$8) -> 14
A7: 6 | B7: First pass (concept rescue + notes marking) | C7: Pharmacology FP-2 | D7: Marrow WoR + Marrow notes + Marrow QBank | E7: D+1: Pharmacology FP-1 | D+3: Pathology FP-2 | F7: BREAK | G7: Block A — Drugs Acting on Kidney; Drugs Acting on CNS; Antimicrobial Drugs: Part 1; Antimicrobial Drugs: Part 2 | H7: BREAK | I7: Block B — Drugs Acting on Endocrine System; Autacoids; Drugs Acting on RS, GIT and Blood; Immunomodulators and Anticancer Drugs | J7: LUNCH | K7: Same-day note consolidation for Pharmacology; mark volatile tables, images, algorithms, drugs, staging and differentiators. | L7: BREAK | M7: 45-70 same-topic MCQs from Pharmacology + read every explanation for wrongs and lucky guesses. | N7: DINNER | O7: 20-30 PYQs / image questions from the same subject + update volatile notebook / 20th notebook. | P7: BREAK | Q7: Active recall aloud: close notes and reconstruct 15-20 high-yield points from memory. | R7: No | S7: Pharmacology FP-2 done; notes annotated; wrongs tagged; volatile list updated. | T7: =SUM(Block_Hours!$B$2:$B$8) -> 14
A8: 7 | B8: First pass (concept rescue + notes marking) | C8: Microbiology FP-1 | D8: Marrow WoR + Marrow notes + Marrow QBank | E8: D+1: Pharmacology FP-2 | D+3: Pathology FP-3 | F8: BREAK | G8: Block A — Introduction to Microbiology Revision; General Microbiology: Part 1; General Microbiology: Part 2 | H8: BREAK | I8: Block B — General Microbiology: Part 3; Hospital Infection Control; Immunology | J8: LUNCH | K8: Same-day note consolidation for Microbiology; mark volatile tables, images, algorithms, drugs, staging and differentiators. | L8: BREAK | M8: 45-70 same-topic MCQs from Microbiology + read every explanation for wrongs and lucky guesses. | N8: DINNER | O8: 20-30 PYQs / image questions from the same subject + update volatile notebook / 20th notebook. | P8: BREAK | Q8: Active recall aloud: close notes and reconstruct 15-20 high-yield points from memory. | R8: No | S8: Microbiology FP-1 done; notes annotated; wrongs tagged; volatile list updated. | T8: =SUM(Block_Hours!$B$2:$B$8) -> 14
A9: 8 | B9: First pass (concept rescue + notes marking) | C9: Microbiology FP-2 | D9: Marrow WoR + Marrow notes + Marrow QBank | E9: D+1: Microbiology FP-1 | D+3: Pharmacology FP-1 | D+7: Diagnostic baseline + system setup | F9: BREAK | G9: Block A — Central Nervous System; Cardiovascular System: Infections of Heart; Cardiovascular System: Bloodstream and Lymphatic Infections; Respiratory System | H9: BREAK | I9: Block B — Gastrointestinal and Hepatobiliary System; Genitourinary System; Skin, Subcutaneous and Musculoskeletal System; Miscellaneous Infections | J9: LUNCH | K9: Same-day note consolidation for Microbiology; mark volatile tables, images, algorithms, drugs, staging and differentiators. | L9: BREAK | M9: 45-70 same-topic MCQs from Microbiology + read every explanation for wrongs and lucky guesses. | N9: DINNER | O9: 20-30 PYQs / image questions from the same subject + update volatile notebook / 20th notebook. | P9: BREAK | Q9: Active recall aloud: close notes and reconstruct 15-20 high-yield points from memory. | R9: No | S9: Microbiology FP-2 done; notes annotated; wrongs tagged; volatile list updated. | T9: =SUM(Block_Hours!$B$2:$B$8) -> 14
A10: 9 | B10: First pass (concept rescue + notes marking) | C10: Physiology FP-1 | D10: Marrow WoR + Marrow notes + Marrow QBank | E10: D+1: Microbiology FP-2 | D+3: Pharmacology FP-2 | D+7: Pathology FP-1 | F10: BREAK | G10: Block A — Introduction to Physiology Revision; General and Cellular Physiology: Part 1; General and Cellular Physiology: Part 2 | H10: BREAK | I10: Block B — Nerve Muscle Physiology; Neurophysiology: Part 1; Neurophysiology: Part 2; Neurophysiology: Part 3 | J10: LUNCH | K10: Same-day note consolidation for Physiology; mark volatile tables, images, algorithms, drugs, staging and differentiators. | L10: BREAK | M10: 45-70 same-topic MCQs from Physiology + read every explanation for wrongs and lucky guesses. | N10: DINNER | O10: 20-30 PYQs / image questions from the same subject + update volatile notebook / 20th notebook. | P10: BREAK | Q10: Active recall aloud: close notes and reconstruct 15-20 high-yield points from memory. | R10: No | S10: Physiology FP-1 done; notes annotated; wrongs tagged; volatile list updated. | T10: =SUM(Block_Hours!$B$2:$B$8) -> 14
A11: 10 | B11: First pass (concept rescue + notes marking) | C11: Physiology FP-2 | D11: Marrow WoR + Marrow notes + Marrow QBank | E11: D+1: Physiology FP-1 | D+3: Microbiology FP-1 | D+7: Pathology FP-2 | F11: BREAK | G11: Block A — Respiratory Physiology: Part 1; Respiratory Physiology: Part 2; Respiratory Physiology: Part 3; Cardiovascular Physiology: Part 1 | H11: BREAK | I11: Block B — Cardiovascular Physiology: Part 2; Gastrointestinal Physiology; Renal Physiology; Endocrine Physiology; Reproductive Physiology, Exercise Physiology and Regulation of Body Temperature | J11: LUNCH | K11: Same-day note consolidation for Physiology; mark volatile tables, images, algorithms, drugs, staging and differentiators. | L11: BREAK | M11: 45-70 same-topic MCQs from Physiology + read every explanation for wrongs and lucky guesses. | N11: DINNER | O11: 20-30 PYQs / image questions from the same subject + update volatile notebook / 20th notebook. | P11: BREAK | Q11: Active recall aloud: close notes and reconstruct 15-20 high-yield points from memory. | R11: No | S11: Physiology FP-2 done; notes annotated; wrongs tagged; volatile list updated. | T11: =SUM(Block_Hours!$B$2:$B$8) -> 14
A12: 11 | B12: First pass (concept rescue + notes marking) | C12: Anatomy FP-1 | D12: Marrow WoR + Marrow notes + Marrow QBank | E12: D+1: Physiology FP-2 | D+3: Microbiology FP-2 | D+7: Pathology FP-3 | F12: BREAK | G12: Block A — Introduction to Anatomy Revision; Embryology: Part 1; Embryology: Part 2 | H12: BREAK | I12: Block B — Histology; Head, Neck and Face: Part 1; Head, Neck and Face: Part 2 | J12: LUNCH | K12: Same-day note consolidation for Anatomy; mark volatile tables, images, algorithms, drugs, staging and differentiators. | L12: BREAK | M12: 45-70 same-topic MCQs from Anatomy + read every explanation for wrongs and lucky guesses. | N12: DINNER | O12: 20-30 PYQs / image questions from the same subject + update volatile notebook / 20th notebook. | P12: BREAK | Q12: Active recall aloud: close notes and reconstruct 15-20 high-yield points from memory. | R12: No | S12: Anatomy FP-1 done; notes annotated; wrongs tagged; volatile list updated. | T12: =SUM(Block_Hours!$B$2:$B$8) -> 14
A13: 12 | B13: First pass (concept rescue + notes marking) | C13: Anatomy FP-2 | D13: Marrow WoR + Marrow notes + Marrow QBank | E13: D+1: Anatomy FP-1 | D+3: Physiology FP-1 | D+7: Pharmacology FP-1 | F13: BREAK | G13: Block A — Neuroanatomy: Part 1; Neuroanatomy: Part 2; Upper Limb | H13: BREAK | I13: Block B — Lower Limb; Thorax; Abdomen | J13: LUNCH | K13: Same-day note consolidation for Anatomy; mark volatile tables, images, algorithms, drugs, staging and differentiators. | L13: BREAK | M13: 45-70 same-topic MCQs from Anatomy + read every explanation for wrongs and lucky guesses. | N13: DINNER | O13: 20-30 PYQs / image questions from the same subject + update volatile notebook / 20th notebook. | P13: BREAK | Q13: Active recall aloud: close notes and reconstruct 15-20 high-yield points from memory. | R13: No | S13: Anatomy FP-2 done; notes annotated; wrongs tagged; volatile list updated. | T13: =SUM(Block_Hours!$B$2:$B$8) -> 14
... A101: 100 | B101: Pre-exam day | C101: Pre-exam calm day | D101: Only volatile notebook + confidence list | E101: D+1: Light recall + logistics + sleep normalization | D+3: Emergency algorithm day | D+7: 120Q half-simulation + analysis | D+14: Super-revision 2: PSM + FMT + Biochem | D+28: Surgery compression | F101: BREAK | G101: 2-3 hour light recall: formulas, antidotes, staging, images, emergency steps | H101: BREAK | I101: No new questions after midday; short walk, meals, hydration | J101: LUNCH | K101: Rest, breath, logistics | L101: BREAK | M101: Stop studying by evening; protect sleep. | N101: DINNER | O101: Low-intensity recall only; if anxious, re-read confidence topics. | P101: BREAK | Q101: Sleep routine / calm shutdown. | R101: No | S101: Pre-exam calm day completed. | T101: =SUM(Block_Hours!$B$2:$B$8) -> 14

Sheet Block_Hours
A1: Block | B1: Hours
A2: 06:30-08:00 | B2: 1.5
A3: 08:15-10:45 | B3: 2.5
A4: 11:00-13:30 | B4: 2.5
A5: 14:15-16:45 | B5: 2.5
A6: 17:00-19:30 | B6: 2.5
A7: 20:15-21:45 | B7: 1.5
A8: 22:00-23:00 | B8: 1

Sheet Subject_Strategy
A1: Subject | B1: WoR_hours | C1: First_pass_days | D1: Priority_tier | E1: Resource_decision | F1: Must_focus_topics
A2: Anatomy | B2: 11.98 | C2: 2 | D2: Tier 2 – strong base | E2: Marrow WoR + image-heavy notes; no second full source | F2: Embryology, neuroanat, head-neck, upper/lower limb nerves, thorax/abdomen
A3: Biochemistry | B3: 11.75 | C3: 2 | D3: Tier 2 – strong base | E3: Marrow WoR + notes; focus cycles/vitamins | F3: Enzymes, carbs, amino acids, lipids, molecular biology, vitamins/minerals
A4: Physiology | B4: 16.48 | C4: 2 | D4: Tier 2 – strong base | E4: Marrow WoR + notes; focus graphs/integration | F4: General/cellular, neuro, CVS, resp, renal, endocrine, repro
A5: Pharmacology | B5: 10.6 | C5: 2 | D5: Tier 1 – must-win | E5: Marrow WoR + notes main; BTR for antidotes/adverse effects last month | F5: General pharm, ANS, CVS, CNS, antimicrobials, endocrine, anticancer, antidotes, adverse effects
A6: Microbiology | B6: 12.68 | C6: 2 | D6: Tier 1 – must-win | E6: Marrow WoR + notes main; BTR for lab/organism compression | F6: Immunology, sterilization/infection control, lab diagnosis, systemic infections, fungi/parasites/viruses
A7: Pathology | B7: 13.92 | C7: 3 | D7: Tier 1 – must-win | E7: Marrow WoR + notes main; BTR for final compression | F7: General path, neoplasia, inflammation, hematology, renal/hepatic/GI pathology, genetics/translocations
A8: Community Medicine | B8: 15.72 | C8: 3 | D8: Tier 1 – must-win | E8: Marrow WoR + notes main; BTR for final tables/programs | F8: Epidemiology, screening, bias, biostatistics, national programs, vaccines, nutrition, environment
A9: Forensic Medicine | B9: 7.43 | C9: 1 | D9: Tier 3 – short-subject scorer | E9: Marrow notes/WoR + BTR final pass | F9: Toxicology, injuries, medico-legal sections, autopsy/thanatology, identification
A10: Ophthalmology | B10: 8.62 | C10: 1 | D10: Tier 3 – short-subject scorer | E10: Marrow notes/WoR + image bank; BTR final pass | F10: Glaucoma, lens/cataract, retina, neuro-ophthal, optics/refraction, squint
A11: ENT | B11: 13.12 | C11: 2 | D11: Tier 3 – short-subject scorer | E11: Marrow notes/WoR + BTR for last pass | F11: Ear, hearing tests, nose/paranasal sinuses, epistaxis, larynx, neck spaces
A12: Anaesthesia | B12: 8.02 | C12: 0.5 | D12: Tier 3 – short-subject scorer | E12: Marrow WoR/notes + targeted MCQs; BTR final pass | F12: Airway, pre-op, GA agents, muscle relaxants, LA, spinal/epidural, ACLS/BLS
A13: Dermatology | B13: 4.33 | C13: 0.5 | D13: Tier 3 – short-subject scorer | E13: Notes/BTR + image bank + MCQs | F13: Lesion identification, infections, leprosy, STIs, drug eruptions, derm spots
... A20: Obstetrics & Gynaecology | B20: 21.5 | C20: 4 | D20: Tier 1 – must-win | E20: Marrow WoR + notes main; BTR for final compression | F20: PPH, labour room emergencies, hypertensive disorders, CTG/FHR, AUB, infertility, gynae oncology, contraception

Sheet GT_Test_Plan
A1: Day | B1: Test_type | C1: Purpose | D1: What_to_measure | E1: Must_output_after_test
A2: 1 | B2: Diagnostic 100Q | C2: Set up system + 100Q diagnostic mixed module | D2: Accuracy %, wrong-answer pattern, guessed-right count, time pressure by section, weakest 2 domains | E2: Error log updated; weak-topic list for next 3-7 days; repeat-risk notebook entry
A3: 41 | B3: Full GT | C3: GT-1 (end of first pass) | D3: Accuracy %, wrong-answer pattern, guessed-right count, time pressure by section, weakest 2 domains | E3: Error log updated; weak-topic list for next 3-7 days; repeat-risk notebook entry
A4: 48 | B4: Full GT | C4: GT-2 | D4: Accuracy %, wrong-answer pattern, guessed-right count, time pressure by section, weakest 2 domains | E4: Error log updated; weak-topic list for next 3-7 days; repeat-risk notebook entry
A5: 58 | B5: Full GT | C5: GT-3 | D5: Accuracy %, wrong-answer pattern, guessed-right count, time pressure by section, weakest 2 domains | E5: Error log updated; weak-topic list for next 3-7 days; repeat-risk notebook entry
A6: 63 | B6: Full GT | C6: GT-4 | D6: Accuracy %, wrong-answer pattern, guessed-right count, time pressure by section, weakest 2 domains | E6: Error log updated; weak-topic list for next 3-7 days; repeat-risk notebook entry
A7: 66 | B7: Full GT | C7: GT-5 | D7: Accuracy %, wrong-answer pattern, guessed-right count, time pressure by section, weakest 2 domains | E7: Error log updated; weak-topic list for next 3-7 days; repeat-risk notebook entry
A8: 73 | B8: Full GT | C8: GT-6 | D8: Accuracy %, wrong-answer pattern, guessed-right count, time pressure by section, weakest 2 domains | E8: Error log updated; weak-topic list for next 3-7 days; repeat-risk notebook entry
A9: 78 | B9: Full GT | C9: GT-7 | D9: Accuracy %, wrong-answer pattern, guessed-right count, time pressure by section, weakest 2 domains | E9: Error log updated; weak-topic list for next 3-7 days; repeat-risk notebook entry
A10: 82 | B10: Full GT | C10: GT-8 | D10: Accuracy %, wrong-answer pattern, guessed-right count, time pressure by section, weakest 2 domains | E10: Error log updated; weak-topic list for next 3-7 days; repeat-risk notebook entry
A11: 87 | B11: Full GT | C11: GT-9 | D11: Accuracy %, wrong-answer pattern, guessed-right count, time pressure by section, weakest 2 domains | E11: Error log updated; weak-topic list for next 3-7 days; repeat-risk notebook entry
A12: 93 | B12: 120Q half-sim | C12: 120Q half-simulation + analysis | D12: Accuracy %, wrong-answer pattern, guessed-right count, time pressure by section, weakest 2 domains | E12: Error log updated; weak-topic list for next 3-7 days; repeat-risk notebook entry
